id,nombre,rut,edad,sexo,dirección
173,Willie Dotson,65238271-1,57,hombre,666
347,Vikki Bradshaw,34864642-7,47,mujer,221
149,Amar Gough,31113786-7,32,mujer,852
264,Nicolle Marshall,51242629-8,35,hombre,597
270,Jad Woodcock,73453102-2,44,mujer,447
219,Ibraheem Gamble,33016426-3,45,mujer,292
114,Eleanor Acevedo,28012525-3,30,mujer,386
37,Romilly Becker,95520055-1,24,mujer,798
256,Cataleya Beard,95226644-6,22,hombre,644
162,Violet Mccray,86103635-9,34,hombre,426
18,Sami Suarez,51153844-0,59,hombre,255
243,Taliyah Cope,12033288-0,43,hombre,621
199,Kylo Hume,54982068-9,29,hombre,689
207,Ilyas Randall,66646618-7,43,mujer,785
225,Finnian Larson,26905798-k,43,mujer,375
87,Kaelan Greenwood,66258468-1,55,mujer,114
92,Eren Sargent,21666289-k,35,hombre,906
222,Caprice Mejia,20335324-3,54,hombre,352
23,Lianne Mccoy,77477421-1,21,mujer,633
208,Reagan Schofield,15298663-7,33,mujer,409
42,Arjan Mcdermott,80291272-2,26,mujer,535
295,Elysia Huerta,79195789-3,28,mujer,807
338,Harri Burrows,23748548-3,24,hombre,139
113,Xavier Stuart,52189199-8,42,hombre,362
0,Oliver Huff,18167947-6,47,mujer,940
346,Thea Whiteley,79735673-5,49,hombre,677
119,Poppy Hartman,66954467-7,50,hombre,455
215,Aditya Vance,79693636-3,33,mujer,639
280,Leja Reeves,28630079-0,46,mujer,390
165,Elliot English,44867899-7,50,mujer,810
299,Georgina Sargent,14761964-2,46,mujer,50
227,Shana Feeney,77625718-4,40,mujer,1038
34,Lilianna Maxwell,93900888-8,50,hombre,25
138,Leonie Schofield,88132030-4,42,mujer,12
183,Cole Nairn,87649058-7,60,hombre,888
277,Eren Eastwood,46025545-7,28,mujer,293
356,Ariella Werner,66119831-1,28,hombre,920
240,Nancy Blake,56119224-3,20,mujer,733
142,Ashlee Alston,36030482-5,25,mujer,899
129,Angharad Hatfield,65573855-k,55,mujer,610
357,Vinny Vazquez,81600879-4,21,hombre,499
2,Taylan Wilks,44253237-0,23,hombre,755
3,Rhea Gale,45026478-4,55,mujer,803
317,Lea Atkins,48425773-6,51,mujer,939
157,Phebe Paterson,66920820-0,45,hombre,1077
158,Issac York,93057304-3,48,mujer,331
4,Eshaal Searle,75576764-6,47,mujer,311
309,Hope Serrano,33904341-8,26,mujer,344
151,Clement Johns,87631642-0,42,mujer,932
98,Emeli Handley,48679409-7,56,mujer,129
242,Charlene Lambert,11087572-k,19,hombre,862
98,Emeli Handley,48679409-7,56,mujer,792
63,Gerrard Quintana,59814228-9,57,mujer,192
74,Hunter Solomon,88772168-8,24,hombre,786
229,Thierry Shaw,15333675-k,21,mujer,140
352,Hilda Brett,73352137-6,48,hombre,774
174,Lexi-Mai Haigh,54230570-3,44,mujer,217
46,Laylah Grey,40350724-5,46,mujer,529
164,Nabeel Barry,47329036-7,29,hombre,1058
217,Mysha Weston,48925896-k,53,mujer,678
187,Traci Brookes,49604231-k,35,mujer,800
364,Kenny Gaines,81492646-k,23,hombre,1000
86,Nusaybah Fitzgerald,79425659-4,44,mujer,117
343,Jerry Delaney,46080300-4,28,hombre,893
126,Ophelia O'Doherty,92311983-3,21,hombre,278
319,Rickie Maguire,55956975-5,50,mujer,325
356,Ariella Werner,66119831-1,28,hombre,185
79,Jena Field,72070561-3,20,mujer,450
126,Ophelia O'Doherty,92311983-3,21,hombre,642
363,Gia Elliott,67391164-1,46,hombre,731
139,Josh Pittman,39473167-6,25,hombre,586
267,Sahil Davison,49860637-7,44,hombre,895
298,Jane Fernandez,48040287-1,28,hombre,708
361,Sade Slater,95932617-7,48,mujer,215
10,Safia Potts,75270010-9,22,mujer,1092
166,Awais Vasquez,32690774-k,18,hombre,134
35,Sayed Edwards,30862862-0,43,hombre,85
354,Michele Corbett,96557795-5,23,hombre,587
118,River Branch,42621036-3,40,mujer,783
84,Poppie Vang,23713134-7,54,hombre,804
221,Haydn Dillard,45276568-3,52,hombre,153
136,Ruby-May Bowden,46680387-1,39,mujer,177
316,Zach Hinton,47738259-2,59,mujer,214
85,Brittney Le,70624789-0,42,hombre,207
251,Liam Ferreira,65884381-8,19,mujer,635
248,Thiago Busby,63360085-6,33,hombre,845
259,Luciano Sheldon,92554015-3,55,mujer,1045
154,Miranda Crouch,75523496-6,50,mujer,433
28,Alan Bonner,23000993-7,37,hombre,643
157,Phebe Paterson,66920820-0,45,hombre,58
32,Dina Herman,36625090-5,22,hombre,244
101,Usman Lara,33402225-0,18,mujer,157
108,Kacper Glenn,47067447-4,42,mujer,512
50,Tehya Galvan,52916249-9,28,hombre,868
175,Abigail Coulson,76871405-3,34,hombre,1017
110,Iqra Thorne,27650119-4,51,mujer,1065
321,Nicole Holland,29858450-6,32,mujer,758
30,Roman Thomas,66199185-2,25,mujer,288
228,Dalton Colon,81698647-8,38,mujer,306
99,Dora Noble,36259502-9,48,mujer,796
351,Maciej Romero,44126502-6,25,mujer,963
323,Huma Phelps,46012714-9,55,mujer,1081
1,Jobe Campos,72810804-5,54,mujer,318
275,Otto Guest,51317447-0,55,hombre,890
156,Dominika Mack,34424260-7,21,hombre,878
200,Huw Atherton,66336340-9,46,hombre,1031
353,Hussein Hobbs,70156418-9,27,hombre,452
307,Jakub Huang,71591727-0,50,mujer,576
13,Nikkita Dodson,20297901-7,33,mujer,981
270,Jad Woodcock,73453102-2,44,mujer,282
89,Kodi Higgins,40403791-9,30,mujer,647
249,Jadine Gould,26257768-6,26,mujer,484
261,Danyl Henry,49036882-5,42,hombre,389
103,Isaak Esparza,51755919-9,41,mujer,631
2,Taylan Wilks,44253237-0,23,hombre,451
340,Saanvi Bernard,75653640-0,38,mujer,303
344,Fenella Galvan,99265623-9,25,mujer,826
349,Mollie Fraser,13463271-2,35,hombre,797
129,Angharad Hatfield,65573855-k,55,mujer,873
28,Alan Bonner,23000993-7,37,hombre,809
295,Elysia Huerta,79195789-3,28,mujer,973
335,Zayaan Morrison,10959343-5,22,hombre,779
143,Ottilie Vega,95667888-9,21,hombre,399
342,Janet Delarosa,50270274-2,60,hombre,828
316,Zach Hinton,47738259-2,59,mujer,574
49,Abubakar Gentry,86664654-6,41,hombre,326
363,Gia Elliott,67391164-1,46,hombre,790
335,Zayaan Morrison,10959343-5,22,hombre,917
324,Richie Petty,43630930-9,28,hombre,624
325,Rabia Pugh,56425505-k,57,hombre,1090
13,Nikkita Dodson,20297901-7,33,mujer,438
60,Ruby-Leigh Gallagher,23298212-8,22,mujer,24
150,Garrett Owen,87991170-2,50,mujer,32
204,Pharrell Franklin,42168093-0,55,mujer,564
59,Khushi Mayo,31706054-8,40,mujer,700
145,Sohail Huerta,96007294-4,23,mujer,1019
4,Eshaal Searle,75576764-6,47,mujer,525
3,Rhea Gale,45026478-4,55,mujer,665
189,Dorothy Barclay,90870389-8,39,mujer,418
217,Mysha Weston,48925896-k,53,mujer,568
66,Dollie Rivers,92170041-5,45,mujer,649
316,Zach Hinton,47738259-2,59,mujer,155
59,Khushi Mayo,31706054-8,40,mujer,986
235,Brenda Duncan,77814675-4,35,mujer,308
182,Mysha Storey,50453382-4,48,mujer,81
67,Inigo Castro,64272663-3,32,mujer,133
186,Anastazja Mcdaniel,92445451-2,20,mujer,41
225,Finnian Larson,26905798-k,43,mujer,640
109,Keenan Ryan,58557550-k,31,mujer,79
52,Lucille Wilkerson,22145359-k,39,mujer,883
344,Fenella Galvan,99265623-9,25,mujer,385
193,Libbie Jimenez,20843742-9,24,hombre,789
109,Keenan Ryan,58557550-k,31,mujer,725
40,Ewan Chadwick,87081187-k,40,hombre,750
94,Giacomo Parsons,83603309-4,34,hombre,402
265,Kiri Fitzpatrick,88806288-2,54,mujer,551
9,Harvie Forbes,58945079-5,23,hombre,979
201,Shawn Brock,35685353-9,41,mujer,487
84,Poppie Vang,23713134-7,54,hombre,860
132,Shivani Long,94422835-7,33,hombre,305
303,Tevin Rosas,53523140-0,39,mujer,405
288,Ella-Louise Tillman,45024924-6,53,hombre,98
172,Una Kramer,34566442-4,57,hombre,840
278,Trent Delacruz,40424433-7,34,mujer,464
57,Connor Prosser,53211068-8,35,hombre,606
167,Aman Nixon,10544563-6,48,mujer,457
183,Cole Nairn,87649058-7,60,hombre,720
229,Thierry Shaw,15333675-k,21,mujer,674
142,Ashlee Alston,36030482-5,25,mujer,234
294,Gracie-Mae Gilbert,31642814-2,43,mujer,1022
84,Poppie Vang,23713134-7,54,hombre,226
183,Cole Nairn,87649058-7,60,hombre,62
184,Malaikah Burn,75153238-5,29,mujer,1095
15,Jameson Valdez,18665525-7,23,hombre,28
70,Aleena Parra,99075946-4,45,hombre,159
137,Kimberley Frost,85297873-2,55,hombre,871
111,Elina Lake,18812547-6,56,mujer,653
199,Kylo Hume,54982068-9,29,hombre,392
188,Ashlea Alexander,35288330-1,20,mujer,0
148,Dotty Lees,23298314-0,35,hombre,680
347,Vikki Bradshaw,34864642-7,47,mujer,619
141,Tyriq Whitmore,38830395-6,58,hombre,693
188,Ashlea Alexander,35288330-1,20,mujer,697
3,Rhea Gale,45026478-4,55,mujer,161
320,Liliana Leal,99875339-2,18,mujer,767
280,Leja Reeves,28630079-0,46,mujer,856
319,Rickie Maguire,55956975-5,50,mujer,656
72,Lester Beard,73342699-3,60,hombre,169
310,Carson Edmonds,78331019-8,52,hombre,872
49,Abubakar Gentry,86664654-6,41,hombre,612
358,Eamon Conway,69698793-9,53,hombre,1070
295,Elysia Huerta,79195789-3,28,mujer,816
256,Cataleya Beard,95226644-6,22,hombre,343
48,Bevan Pineda,23526948-1,35,hombre,645
313,Fredrick Esparza,81498697-7,51,hombre,811
1,Jobe Campos,72810804-5,54,mujer,3
59,Khushi Mayo,31706054-8,40,mujer,616
285,Shivam Frey,41581842-4,56,mujer,94
115,Zainab James,48795285-0,30,hombre,500
148,Dotty Lees,23298314-0,35,hombre,641
47,Dottie Chase,56499633-5,37,hombre,846
317,Lea Atkins,48425773-6,51,mujer,17
327,Keane Hoover,10165029-4,54,hombre,441
355,Grady Esquivel,76413818-k,50,mujer,1046
5,Nazia Quintero,64879120-8,18,mujer,358
316,Zach Hinton,47738259-2,59,mujer,959
148,Dotty Lees,23298314-0,35,hombre,859
14,Rikki Hewitt,77209293-8,55,mujer,926
161,Mateusz Sharma,96260856-6,43,hombre,71
170,Miyah Trevino,36044904-1,26,hombre,334
59,Khushi Mayo,31706054-8,40,mujer,723
341,Anabel Montgomery,49359132-0,23,mujer,595
84,Poppie Vang,23713134-7,54,hombre,650
88,Neve Carter,35662780-6,23,mujer,322
31,Rivka Finley,16008678-5,60,hombre,740
11,Sidrah Mclellan,98683815-5,23,hombre,602
138,Leonie Schofield,88132030-4,42,mujer,474
24,Logan Kramer,13572944-2,58,mujer,107
294,Gracie-Mae Gilbert,31642814-2,43,mujer,1057
281,Santiago Robles,63824003-3,57,hombre,414
117,Diya Hansen,35066595-1,51,hombre,216
56,Tasha Nicholson,88730119-0,58,mujer,637
171,Amari Field,10206801-7,42,mujer,382
108,Kacper Glenn,47067447-4,42,mujer,748
257,Ivie Stark,17723136-3,30,mujer,896
168,Faraz Chapman,28485302-4,60,mujer,522
85,Brittney Le,70624789-0,42,hombre,909
150,Garrett Owen,87991170-2,50,mujer,470
131,Dean Schneider,56064569-4,45,hombre,795
180,Mariyah Spooner,70735043-1,41,hombre,406
216,Cosmo Bush,69140468-4,56,hombre,719
362,Kerys Joseph,69402733-4,20,hombre,39
215,Aditya Vance,79693636-3,33,mujer,205
223,Gilbert Vang,42226798-0,57,mujer,485
346,Thea Whiteley,79735673-5,49,hombre,793
33,Aubree Ridley,87813399-4,58,mujer,338
7,Chay Sutherland,10517073-4,22,mujer,314
211,Coen Pena,11644968-4,25,hombre,1080
36,Patrik Rollins,43922451-7,45,hombre,103
242,Charlene Lambert,11087572-k,19,hombre,1037
258,Derry Garcia,83584289-4,55,mujer,901
234,Sade Keller,62550748-0,60,hombre,763
177,Don Sadler,33456182-8,42,mujer,22
147,Elaina Dillon,59332921-6,56,hombre,824
54,Lamar Bailey,97004364-0,49,hombre,37
289,Antonio Chan,63884576-8,39,mujer,726
291,Spike Kim,24129722-5,40,hombre,237
173,Willie Dotson,65238271-1,57,hombre,13
155,Malcolm Mair,87734759-1,47,hombre,162
22,Orla Mcclure,32366948-1,54,mujer,570
326,Owen Drummond,16239796-6,56,mujer,342
343,Jerry Delaney,46080300-4,28,hombre,972
22,Orla Mcclure,32366948-1,54,mujer,1001
191,Margot Blevins,35820841-k,28,mujer,1032
251,Liam Ferreira,65884381-8,19,mujer,694
73,Antonina Guzman,47865441-3,57,hombre,1030
33,Aubree Ridley,87813399-4,58,mujer,380
77,Aalia Higgs,31092780-5,46,hombre,611
115,Zainab James,48795285-0,30,hombre,837
160,Ceara Santana,14920531-4,57,hombre,753
246,Leoni Smyth,98642893-3,39,mujer,357
324,Richie Petty,43630930-9,28,hombre,663
192,Samuel Wilkerson,66361406-1,54,hombre,664
281,Santiago Robles,63824003-3,57,hombre,202
6,Joshua Vo,69373271-9,23,hombre,111
114,Eleanor Acevedo,28012525-3,30,mujer,687
220,Meerab Short,56790702-3,50,mujer,245
51,Darsh Bloom,62785039-5,45,hombre,982
277,Eren Eastwood,46025545-7,28,mujer,832
74,Hunter Solomon,88772168-8,24,hombre,533
113,Xavier Stuart,52189199-8,42,hombre,354
96,Eryk Greene,49337371-4,39,mujer,874
178,Sue Iles,75806614-2,28,mujer,317
29,Madihah Haas,88198898-4,41,hombre,743
7,Chay Sutherland,10517073-4,22,mujer,885
113,Xavier Stuart,52189199-8,42,hombre,1024
285,Shivam Frey,41581842-4,56,mujer,584
75,Jacob Beech,87861767-3,19,mujer,149
87,Kaelan Greenwood,66258468-1,55,mujer,1002
170,Miyah Trevino,36044904-1,26,hombre,583
214,Philip Turnbull,97343582-5,30,hombre,519
58,Musab Ayala,14046488-0,19,hombre,304
118,River Branch,42621036-3,40,mujer,1043
79,Jena Field,72070561-3,20,mujer,232
334,Waqas Buchanan,85411178-7,29,mujer,935
116,Corrie Hinton,89321752-5,51,hombre,167
117,Diya Hansen,35066595-1,51,hombre,887
106,Joseph Broughton,33481996-5,21,hombre,144
193,Libbie Jimenez,20843742-9,24,hombre,290
293,Dolcie Handley,94888169-1,46,hombre,449
186,Anastazja Mcdaniel,92445451-2,20,mujer,92
17,Mina Hebert,85973291-7,54,mujer,728
82,Ariya Travis,55776079-2,49,hombre,902
100,Tyla Mcneil,29646441-4,50,mujer,262
305,Ed Sierra,95598580-k,33,mujer,247
57,Connor Prosser,53211068-8,35,hombre,1054
300,Willie Greig,27712443-2,23,hombre,718
91,Elsie-May Chadwick,86646016-7,42,hombre,886
112,Balraj Davidson,66625711-1,26,hombre,503
267,Sahil Davison,49860637-7,44,hombre,553
152,Mehdi Whitaker,17509928-k,33,mujer,907
312,Zayan Solomon,45125749-8,41,mujer,370
287,Sneha Joseph,19735595-6,58,hombre,1040
174,Lexi-Mai Haigh,54230570-3,44,mujer,707
238,Rhyley Justice,74644456-7,34,mujer,538
127,Romana Woodley,59517619-0,26,hombre,109
179,Keegan Stevens,19844189-9,53,mujer,356
239,Mohammad Frame,37500745-2,39,hombre,422
325,Rabia Pugh,56425505-k,57,hombre,127
5,Nazia Quintero,64879120-8,18,mujer,821
47,Dottie Chase,56499633-5,37,hombre,196
351,Maciej Romero,44126502-6,25,mujer,717
353,Hussein Hobbs,70156418-9,27,hombre,521
276,Rafi Joyce,78463527-9,35,hombre,7
44,Mahi Ross,56535213-k,34,mujer,967
31,Rivka Finley,16008678-5,60,hombre,879
268,Loretta Mcconnell,27844046-k,18,hombre,491
115,Zainab James,48795285-0,30,hombre,256
334,Waqas Buchanan,85411178-7,29,mujer,735
296,Akash Riley,56292778-6,36,hombre,381
194,Tonya Charles,78059417-9,39,hombre,672
23,Lianne Mccoy,77477421-1,21,mujer,384
145,Sohail Huerta,96007294-4,23,mujer,934
142,Ashlee Alston,36030482-5,25,mujer,27
112,Balraj Davidson,66625711-1,26,hombre,557
263,Saima Ferry,16775393-0,56,mujer,23
11,Sidrah Mclellan,98683815-5,23,hombre,546
67,Inigo Castro,64272663-3,32,mujer,280
243,Taliyah Cope,12033288-0,43,hombre,534
55,Deanna Wilder,47666047-5,29,hombre,428
221,Haydn Dillard,45276568-3,52,hombre,48
51,Darsh Bloom,62785039-5,45,hombre,254
227,Shana Feeney,77625718-4,40,mujer,507
9,Harvie Forbes,58945079-5,23,hombre,925
3,Rhea Gale,45026478-4,55,mujer,759
342,Janet Delarosa,50270274-2,60,hombre,136
131,Dean Schneider,56064569-4,45,hombre,788
294,Gracie-Mae Gilbert,31642814-2,43,mujer,1029
348,Cruz Winter,38563658-k,40,mujer,869
221,Haydn Dillard,45276568-3,52,hombre,829
29,Madihah Haas,88198898-4,41,hombre,805
3,Rhea Gale,45026478-4,55,mujer,106
34,Lilianna Maxwell,93900888-8,50,hombre,580
93,Kareena Salter,52703981-9,46,hombre,588
296,Akash Riley,56292778-6,36,hombre,992
15,Jameson Valdez,18665525-7,23,hombre,751
342,Janet Delarosa,50270274-2,60,hombre,335
82,Ariya Travis,55776079-2,49,hombre,946
156,Dominika Mack,34424260-7,21,hombre,211
79,Jena Field,72070561-3,20,mujer,349
332,Nabil Ruiz,99294258-4,50,hombre,31
49,Abubakar Gentry,86664654-6,41,hombre,366
342,Janet Delarosa,50270274-2,60,hombre,685
340,Saanvi Bernard,75653640-0,38,mujer,56
272,Aydin Berger,94688326-3,56,hombre,836
357,Vinny Vazquez,81600879-4,21,hombre,1023
60,Ruby-Leigh Gallagher,23298212-8,22,mujer,475
295,Elysia Huerta,79195789-3,28,mujer,775
197,Ariya Mora,25070905-6,18,hombre,249
218,Nicolas Zuniga,20640357-8,50,mujer,340
163,Archie Rutledge,94384917-k,52,mujer,575
89,Kodi Higgins,40403791-9,30,mujer,766
253,Neil Miller,33078552-7,19,mujer,1004
235,Brenda Duncan,77814675-4,35,mujer,242
334,Waqas Buchanan,85411178-7,29,mujer,514
267,Sahil Davison,49860637-7,44,hombre,10
330,Margaux Battle,87544765-3,46,mujer,1062
284,Humaira Yoder,57189229-4,35,mujer,4
123,Jacob Gilmore,67913619-4,39,hombre,912
278,Trent Delacruz,40424433-7,34,mujer,1044
254,Dante Buckner,48776848-0,52,mujer,891
302,Tatiana Williams,23711490-6,49,mujer,683
9,Harvie Forbes,58945079-5,23,hombre,179
172,Una Kramer,34566442-4,57,hombre,754
323,Huma Phelps,46012714-9,55,mujer,328
140,Desiree Webber,58154631-9,33,hombre,289
287,Sneha Joseph,19735595-6,58,hombre,374
178,Sue Iles,75806614-2,28,mujer,35
223,Gilbert Vang,42226798-0,57,mujer,481
224,Zidan Mcguire,43129309-9,19,hombre,760
128,Eoin Sutherland,42655208-6,35,hombre,806
19,Rex Mckenzie,54076655-k,30,hombre,626
229,Thierry Shaw,15333675-k,21,mujer,163
101,Usman Lara,33402225-0,18,mujer,993
189,Dorothy Barclay,90870389-8,39,mujer,910
247,Emmanuella Prosser,49255740-4,45,hombre,204
81,Haidar Frank,92365268-k,50,mujer,953
122,Amiya Craft,35661237-k,36,mujer,1013
89,Kodi Higgins,40403791-9,30,mujer,999
130,Momina Read,62420431-k,37,hombre,180
153,Moesha Mclean,53089483-5,42,hombre,391
259,Luciano Sheldon,92554015-3,55,mujer,524
69,Kailum Parry,45467235-6,21,hombre,958
76,Jana Sutton,41361801-0,48,mujer,410
143,Ottilie Vega,95667888-9,21,hombre,424
262,Elliott Robbins,96964691-9,41,mujer,658
276,Rafi Joyce,78463527-9,35,hombre,250
78,Diesel Hunt,11750224-4,33,hombre,526
102,Nadir Redman,95855049-9,57,mujer,898
345,Taine Calvert,75039658-5,60,hombre,975
138,Leonie Schofield,88132030-4,42,mujer,330
17,Mina Hebert,85973291-7,54,mujer,96
286,Courtnie Duffy,55106753-k,35,mujer,948
90,Grover Vaughn,79480331-5,36,mujer,368
201,Shawn Brock,35685353-9,41,mujer,445
62,Mahir Nunez,97657967-4,46,mujer,675
282,Shaunie Naylor,58307021-4,49,mujer,681
153,Moesha Mclean,53089483-5,42,hombre,222
334,Waqas Buchanan,85411178-7,29,mujer,589
196,Sylvia Melendez,59170372-2,47,hombre,565
132,Shivani Long,94422835-7,33,hombre,517
300,Willie Greig,27712443-2,23,hombre,9
51,Darsh Bloom,62785039-5,45,hombre,73
246,Leoni Smyth,98642893-3,39,mujer,573
261,Danyl Henry,49036882-5,42,hombre,61
39,Charlton Bridges,76591179-6,22,hombre,323
320,Liliana Leal,99875339-2,18,mujer,15
156,Dominika Mack,34424260-7,21,hombre,14
169,Paulina Milner,63214394-k,55,hombre,1008
77,Aalia Higgs,31092780-5,46,hombre,350
31,Rivka Finley,16008678-5,60,hombre,531
329,Samera Macleod,37492390-0,44,hombre,911
290,Aariz Berry,61262323-6,48,hombre,1078
311,Jimmy Pratt,64903395-1,43,hombre,812
132,Shivani Long,94422835-7,33,hombre,545
21,Fleur Sheppard,36552322-3,50,mujer,471
273,Elisha Mitchell,84078768-0,39,mujer,132
251,Liam Ferreira,65884381-8,19,mujer,365
88,Neve Carter,35662780-6,23,mujer,480
337,Milosz Wicks,20909860-1,44,hombre,252
301,Alina Payne,51853396-7,41,mujer,518
175,Abigail Coulson,76871405-3,34,hombre,259
164,Nabeel Barry,47329036-7,29,hombre,956
44,Mahi Ross,56535213-k,34,mujer,431
250,Hiba Hough,17474518-8,33,hombre,434
341,Anabel Montgomery,49359132-0,23,mujer,248
283,Isaac Halliday,77983700-9,26,hombre,543
52,Lucille Wilkerson,22145359-k,39,mujer,853
180,Mariyah Spooner,70735043-1,41,hombre,1083
179,Keegan Stevens,19844189-9,53,mujer,510
328,Jordon Hester,82809947-7,44,hombre,736
364,Kenny Gaines,81492646-k,23,hombre,592
286,Courtnie Duffy,55106753-k,35,mujer,313
257,Ivie Stark,17723136-3,30,mujer,699
207,Ilyas Randall,66646618-7,43,mujer,863
68,Jeremy Dunn,91790173-2,18,mujer,676
273,Elisha Mitchell,84078768-0,39,mujer,908
300,Willie Greig,27712443-2,23,hombre,960
135,Beulah Rodriguez,63532763-4,41,mujer,757
102,Nadir Redman,95855049-9,57,mujer,230
190,Yuvraj Doyle,52157315-5,21,mujer,585
119,Poppy Hartman,66954467-7,50,hombre,671
49,Abubakar Gentry,86664654-6,41,hombre,1041
303,Tevin Rosas,53523140-0,39,mujer,569
319,Rickie Maguire,55956975-5,50,mujer,995
56,Tasha Nicholson,88730119-0,58,mujer,660
66,Dollie Rivers,92170041-5,45,mujer,277
307,Jakub Huang,71591727-0,50,mujer,702
106,Joseph Broughton,33481996-5,21,hombre,77
255,Kade Garrett,16222268-6,41,mujer,332
208,Reagan Schofield,15298663-7,33,mujer,2
238,Rhyley Justice,74644456-7,34,mujer,974
65,Anjali Rojas,94432090-3,42,mujer,577
114,Eleanor Acevedo,28012525-3,30,mujer,478
127,Romana Woodley,59517619-0,26,hombre,808
130,Momina Read,62420431-k,37,hombre,505
20,Asha Mckee,94821886-0,38,mujer,260
123,Jacob Gilmore,67913619-4,39,hombre,18
321,Nicole Holland,29858450-6,32,mujer,378
120,Nimrah Skinner,18446690-2,30,hombre,80
328,Jordon Hester,82809947-7,44,hombre,307
125,Brayden Grey,62014673-0,52,hombre,184
301,Alina Payne,51853396-7,41,mujer,243
238,Rhyley Justice,74644456-7,34,mujer,367
262,Elliott Robbins,96964691-9,41,mujer,742
103,Isaak Esparza,51755919-9,41,mujer,53
130,Momina Read,62420431-k,37,hombre,1076
96,Eryk Greene,49337371-4,39,mujer,712
210,Bayley Melia,38287473-0,34,hombre,914
65,Anjali Rojas,94432090-3,42,mujer,403
246,Leoni Smyth,98642893-3,39,mujer,867
26,Zaynah Kennedy,66183219-3,29,hombre,284
55,Deanna Wilder,47666047-5,29,hombre,411
63,Gerrard Quintana,59814228-9,57,mujer,397
361,Sade Slater,95932617-7,48,mujer,780
231,Nikki Pearson,22060310-5,27,hombre,1025
75,Jacob Beech,87861767-3,19,mujer,258
145,Sohail Huerta,96007294-4,23,mujer,495
359,Emme Marriott,91888069-0,58,hombre,337
329,Samera Macleod,37492390-0,44,hombre,78
28,Alan Bonner,23000993-7,37,hombre,468
77,Aalia Higgs,31092780-5,46,hombre,608
122,Amiya Craft,35661237-k,36,mujer,994
253,Neil Miller,33078552-7,19,mujer,95
89,Kodi Higgins,40403791-9,30,mujer,923
72,Lester Beard,73342699-3,60,hombre,752
290,Aariz Berry,61262323-6,48,hombre,983
326,Owen Drummond,16239796-6,56,mujer,110
228,Dalton Colon,81698647-8,38,mujer,695
342,Janet Delarosa,50270274-2,60,hombre,721
283,Isaac Halliday,77983700-9,26,hombre,651
308,Nelly Butler,30760014-5,26,hombre,120
179,Keegan Stevens,19844189-9,53,mujer,581
358,Eamon Conway,69698793-9,53,hombre,113
61,Malcolm Plant,57836259-2,20,mujer,142
355,Grady Esquivel,76413818-k,50,mujer,152
20,Asha Mckee,94821886-0,38,mujer,147
351,Maciej Romero,44126502-6,25,mujer,762
31,Rivka Finley,16008678-5,60,hombre,949
202,Martyn Parra,97102977-3,38,mujer,456
312,Zayan Solomon,45125749-8,41,mujer,560
337,Milosz Wicks,20909860-1,44,hombre,432
354,Michele Corbett,96557795-5,23,hombre,1089
230,Bronwyn Orozco,61993529-2,43,mujer,219
8,Riaan Mays,98708700-5,48,mujer,1067
136,Ruby-May Bowden,46680387-1,39,mujer,11
238,Rhyley Justice,74644456-7,34,mujer,1012
328,Jordon Hester,82809947-7,44,hombre,817
236,Lori Galvan,64370666-0,50,hombre,765
158,Issac York,93057304-3,48,mujer,371
117,Diya Hansen,35066595-1,51,hombre,88
286,Courtnie Duffy,55106753-k,35,mujer,300
328,Jordon Hester,82809947-7,44,hombre,228
231,Nikki Pearson,22060310-5,27,hombre,1086
91,Elsie-May Chadwick,86646016-7,42,hombre,396
303,Tevin Rosas,53523140-0,39,mujer,976
187,Traci Brookes,49604231-k,35,mujer,1059
245,Akeel Espinosa,55705480-4,32,hombre,466
213,Jaeden Bravo,80611905-9,42,hombre,295
183,Cole Nairn,87649058-7,60,hombre,264
238,Rhyley Justice,74644456-7,34,mujer,552
200,Huw Atherton,66336340-9,46,hombre,273
184,Malaikah Burn,75153238-5,29,mujer,847
304,Naseem Schmitt,49974632-6,40,mujer,929
230,Bronwyn Orozco,61993529-2,43,mujer,820
105,Isabel Vance,69141385-3,49,hombre,315
195,Lucy Sutherland,98417733-k,25,mujer,938
37,Romilly Becker,95520055-1,24,mujer,913
263,Saima Ferry,16775393-0,56,mujer,668
57,Connor Prosser,53211068-8,35,hombre,965
305,Ed Sierra,95598580-k,33,mujer,369
284,Humaira Yoder,57189229-4,35,mujer,709
269,Jules Wainwright,45504619-k,40,hombre,168
296,Akash Riley,56292778-6,36,hombre,43
315,Usman Church,85682952-9,59,hombre,784
4,Eshaal Searle,75576764-6,47,mujer,627
43,Toby Mcarthur,37200573-4,18,hombre,299
166,Awais Vasquez,32690774-k,18,hombre,928
266,Terence Goff,57289805-9,47,mujer,848
260,Walter Dickinson,48345899-1,18,mujer,918
297,Jem Bailey,33670116-3,47,mujer,360
108,Kacper Glenn,47067447-4,42,mujer,744
187,Traci Brookes,49604231-k,35,mujer,339
297,Jem Bailey,33670116-3,47,mujer,442
178,Sue Iles,75806614-2,28,mujer,327
286,Courtnie Duffy,55106753-k,35,mujer,251
167,Aman Nixon,10544563-6,48,mujer,148
144,Tanisha Weston,97996738-1,32,hombre,465
349,Mollie Fraser,13463271-2,35,hombre,423
209,Tanvir Cortes,62778278-0,20,mujer,854
250,Hiba Hough,17474518-8,33,hombre,68
81,Haidar Frank,92365268-k,50,mujer,801
185,Theresa Robson,12348490-8,21,mujer,662
298,Jane Fernandez,48040287-1,28,hombre,988
206,Celia Durham,61554580-5,55,mujer,57
77,Aalia Higgs,31092780-5,46,hombre,91
107,Antoinette Schmidt,68505645-3,32,mujer,453
271,Tyreece Carter,84569598-9,40,hombre,54
106,Joseph Broughton,33481996-5,21,hombre,45
271,Tyreece Carter,84569598-9,40,hombre,128
260,Walter Dickinson,48345899-1,18,mujer,353
138,Leonie Schofield,88132030-4,42,mujer,922
258,Derry Garcia,83584289-4,55,mujer,579
209,Tanvir Cortes,62778278-0,20,mujer,655
201,Shawn Brock,35685353-9,41,mujer,704
337,Milosz Wicks,20909860-1,44,hombre,118
23,Lianne Mccoy,77477421-1,21,mujer,661
20,Asha Mckee,94821886-0,38,mujer,614
293,Dolcie Handley,94888169-1,46,hombre,527
236,Lori Galvan,64370666-0,50,hombre,413
115,Zainab James,48795285-0,30,hombre,713
61,Malcolm Plant,57836259-2,20,mujer,1085
28,Alan Bonner,23000993-7,37,hombre,488
176,Digby Glover,38204359-6,52,mujer,321
179,Keegan Stevens,19844189-9,53,mujer,416
104,Harriett Ayers,49993665-6,27,hombre,921
324,Richie Petty,43630930-9,28,hombre,359
139,Josh Pittman,39473167-6,25,hombre,818
291,Spike Kim,24129722-5,40,hombre,298
216,Cosmo Bush,69140468-4,56,hombre,209
73,Antonina Guzman,47865441-3,57,hombre,724
62,Mahir Nunez,97657967-4,46,mujer,121
206,Celia Durham,61554580-5,55,mujer,203
171,Amari Field,10206801-7,42,mujer,345
168,Faraz Chapman,28485302-4,60,mujer,236
255,Kade Garrett,16222268-6,41,mujer,511
18,Sami Suarez,51153844-0,59,hombre,197
251,Liam Ferreira,65884381-8,19,mujer,420
229,Thierry Shaw,15333675-k,21,mujer,1027
315,Usman Church,85682952-9,59,hombre,227
355,Grady Esquivel,76413818-k,50,mujer,346
113,Xavier Stuart,52189199-8,42,hombre,1042
58,Musab Ayala,14046488-0,19,hombre,154
38,Zayne David,75016224-k,18,mujer,201
310,Carson Edmonds,78331019-8,52,hombre,705
184,Malaikah Burn,75153238-5,29,mujer,83
36,Patrik Rollins,43922451-7,45,hombre,756
254,Dante Buckner,48776848-0,52,mujer,722
104,Harriett Ayers,49993665-6,27,hombre,29
318,Amos Santiago,82645956-5,60,hombre,550
248,Thiago Busby,63360085-6,33,hombre,316
281,Santiago Robles,63824003-3,57,hombre,937
78,Diesel Hunt,11750224-4,33,hombre,444
164,Nabeel Barry,47329036-7,29,hombre,223
218,Nicolas Zuniga,20640357-8,50,mujer,673
53,Tj Romero,63951440-4,58,mujer,412
23,Lianne Mccoy,77477421-1,21,mujer,477
95,Maci Barrett,47326835-3,22,mujer,540
124,Arnav Franklin,83290634-4,30,hombre,825
45,Benjamin Shaw,77796005-9,34,mujer,636
69,Kailum Parry,45467235-6,21,hombre,421
311,Jimmy Pratt,64903395-1,43,hombre,124
299,Georgina Sargent,14761964-2,46,mujer,473
331,Huey Leonard,97901764-2,32,mujer,108
39,Charlton Bridges,76591179-6,22,hombre,407
155,Malcolm Mair,87734759-1,47,hombre,831
46,Laylah Grey,40350724-5,46,mujer,692
295,Elysia Huerta,79195789-3,28,mujer,984
237,Davey Gunn,28752611-3,39,mujer,448
20,Asha Mckee,94821886-0,38,mujer,240
268,Loretta Mcconnell,27844046-k,18,hombre,544
121,Jordan-Lee Norman,65227086-7,50,mujer,427
215,Aditya Vance,79693636-3,33,mujer,479
292,Aizah Castro,39567466-8,44,hombre,669
331,Huey Leonard,97901764-2,32,mujer,47
322,Skyla Dorsey,74759859-2,42,hombre,379
318,Amos Santiago,82645956-5,60,hombre,861
116,Corrie Hinton,89321752-5,51,hombre,1069
8,Riaan Mays,98708700-5,48,mujer,1
252,Laurie Kelley,47287276-1,48,mujer,319
30,Roman Thomas,66199185-2,25,mujer,749
222,Caprice Mejia,20335324-3,54,hombre,739
279,Princess Sharp,68428477-0,35,hombre,76
350,Saif Bostock,50109588-5,39,mujer,19
115,Zainab James,48795285-0,30,hombre,165
241,Danica Fletcher,59919311-1,59,hombre,206
269,Jules Wainwright,45504619-k,40,hombre,822
205,Adrianna Khan,59885368-1,37,mujer,1082
190,Yuvraj Doyle,52157315-5,21,mujer,572
172,Una Kramer,34566442-4,57,hombre,791
110,Iqra Thorne,27650119-4,51,mujer,472
24,Logan Kramer,13572944-2,58,mujer,112
244,Nasir Willis,49891081-5,53,mujer,419
154,Miranda Crouch,75523496-6,50,mujer,875
286,Courtnie Duffy,55106753-k,35,mujer,781
232,Presley Dunkley,77520112-6,31,hombre,101
272,Aydin Berger,94688326-3,56,hombre,281
51,Darsh Bloom,62785039-5,45,hombre,373
339,David Hubbard,25572424-k,30,mujer,459
198,Martha Hulme,60370162-3,27,mujer,944
31,Rivka Finley,16008678-5,60,hombre,904
252,Laurie Kelley,47287276-1,48,mujer,696
200,Huw Atherton,66336340-9,46,hombre,716
237,Davey Gunn,28752611-3,39,mujer,66
234,Sade Keller,62550748-0,60,hombre,415
355,Grady Esquivel,76413818-k,50,mujer,927
135,Beulah Rodriguez,63532763-4,41,mujer,964
185,Theresa Robson,12348490-8,21,mujer,508
50,Tehya Galvan,52916249-9,28,hombre,738
300,Willie Greig,27712443-2,23,hombre,714
161,Mateusz Sharma,96260856-6,43,hombre,176
275,Otto Guest,51317447-0,55,hombre,271
232,Presley Dunkley,77520112-6,31,hombre,51
18,Sami Suarez,51153844-0,59,hombre,1035
87,Kaelan Greenwood,66258468-1,55,mujer,34
146,Kasim Curry,52176953-k,35,hombre,496
203,Franco Johnston,58155861-9,18,mujer,193
102,Nadir Redman,95855049-9,57,mujer,688
32,Dina Herman,36625090-5,22,hombre,460
345,Taine Calvert,75039658-5,60,hombre,164
338,Harri Burrows,23748548-3,24,hombre,900
214,Philip Turnbull,97343582-5,30,hombre,617
249,Jadine Gould,26257768-6,26,mujer,104
120,Nimrah Skinner,18446690-2,30,hombre,980
204,Pharrell Franklin,42168093-0,55,mujer,590
333,Imani Decker,48060937-9,35,hombre,715
292,Aizah Castro,39567466-8,44,hombre,1005
124,Arnav Franklin,83290634-4,30,hombre,6
145,Sohail Huerta,96007294-4,23,mujer,119
287,Sneha Joseph,19735595-6,58,hombre,67
120,Nimrah Skinner,18446690-2,30,hombre,952
194,Tonya Charles,78059417-9,39,hombre,741
211,Coen Pena,11644968-4,25,hombre,971
309,Hope Serrano,33904341-8,26,mujer,1010
260,Walter Dickinson,48345899-1,18,mujer,231
159,Akeel Peacock,82673938-k,55,mujer,509
97,Tess Marshall,87442136-7,41,mujer,302
332,Nabil Ruiz,99294258-4,50,hombre,916
274,Manraj Pope,91223172-0,56,mujer,336
319,Rickie Maguire,55956975-5,50,mujer,40
14,Rikki Hewitt,77209293-8,55,mujer,363
121,Jordan-Lee Norman,65227086-7,50,mujer,135
322,Skyla Dorsey,74759859-2,42,hombre,864
59,Khushi Mayo,31706054-8,40,mujer,703
237,Davey Gunn,28752611-3,39,mujer,1033
75,Jacob Beech,87861767-3,19,mujer,75
164,Nabeel Barry,47329036-7,29,hombre,401
95,Maci Barrett,47326835-3,22,mujer,191
178,Sue Iles,75806614-2,28,mujer,842
64,Abbas Emerson,89336201-0,34,hombre,646
226,Tamara Flynn,91119340-k,35,mujer,548
248,Thiago Busby,63360085-6,33,hombre,515
90,Grover Vaughn,79480331-5,36,mujer,768
70,Aleena Parra,99075946-4,45,hombre,1036
294,Gracie-Mae Gilbert,31642814-2,43,mujer,1028
20,Asha Mckee,94821886-0,38,mujer,827
308,Nelly Butler,30760014-5,26,hombre,686
149,Amar Gough,31113786-7,32,mujer,933
191,Margot Blevins,35820841-k,28,mujer,1020
240,Nancy Blake,56119224-3,20,mujer,996
195,Lucy Sutherland,98417733-k,25,mujer,395
68,Jeremy Dunn,91790173-2,18,mujer,563
185,Theresa Robson,12348490-8,21,mujer,1047
192,Samuel Wilkerson,66361406-1,54,hombre,977
19,Rex Mckenzie,54076655-k,30,hombre,897
99,Dora Noble,36259502-9,48,mujer,905
314,Dominik Butt,78599189-3,53,mujer,476
229,Thierry Shaw,15333675-k,21,mujer,727
152,Mehdi Whitaker,17509928-k,33,mujer,218
192,Samuel Wilkerson,66361406-1,54,hombre,376
201,Shawn Brock,35685353-9,41,mujer,329
244,Nasir Willis,49891081-5,53,mujer,593
130,Momina Read,62420431-k,37,hombre,516
242,Charlene Lambert,11087572-k,19,hombre,1072
83,Aysha Bone,83296811-0,37,mujer,794
198,Martha Hulme,60370162-3,27,mujer,274
16,Kornelia Drummond,50062649-6,46,hombre,253
328,Jordon Hester,82809947-7,44,hombre,246
252,Laurie Kelley,47287276-1,48,mujer,954
348,Cruz Winter,38563658-k,40,mujer,943
14,Rikki Hewitt,77209293-8,55,mujer,654
213,Jaeden Bravo,80611905-9,42,hombre,296
212,Hilary Mair,97781705-6,28,mujer,60
282,Shaunie Naylor,58307021-4,49,mujer,571
75,Jacob Beech,87861767-3,19,mujer,931
197,Ariya Mora,25070905-6,18,hombre,312
326,Owen Drummond,16239796-6,56,mujer,454
252,Laurie Kelley,47287276-1,48,mujer,235
38,Zayne David,75016224-k,18,mujer,70
27,Melvin Perez,40675138-4,34,hombre,425
14,Rikki Hewitt,77209293-8,55,mujer,684
12,Josh Small,72939187-5,57,mujer,125
197,Ariya Mora,25070905-6,18,hombre,297
273,Elisha Mitchell,84078768-0,39,mujer,924
314,Dominik Butt,78599189-3,53,mujer,746
166,Awais Vasquez,32690774-k,18,hombre,189
305,Ed Sierra,95598580-k,33,mujer,1091
128,Eoin Sutherland,42655208-6,35,hombre,761
130,Momina Read,62420431-k,37,hombre,33
35,Sayed Edwards,30862862-0,43,hombre,279
227,Shana Feeney,77625718-4,40,mujer,604
72,Lester Beard,73342699-3,60,hombre,737
313,Fredrick Esparza,81498697-7,51,hombre,84
334,Waqas Buchanan,85411178-7,29,mujer,55
207,Ilyas Randall,66646618-7,43,mujer,355
64,Abbas Emerson,89336201-0,34,hombre,458
48,Bevan Pineda,23526948-1,35,hombre,361
323,Huma Phelps,46012714-9,55,mujer,732
6,Joshua Vo,69373271-9,23,hombre,1075
321,Nicole Holland,29858450-6,32,mujer,275
61,Malcolm Plant,57836259-2,20,mujer,961
300,Willie Greig,27712443-2,23,hombre,997
87,Kaelan Greenwood,66258468-1,55,mujer,603
258,Derry Garcia,83584289-4,55,mujer,1050
294,Gracie-Mae Gilbert,31642814-2,43,mujer,341
46,Laylah Grey,40350724-5,46,mujer,638
163,Archie Rutledge,94384917-k,52,mujer,166
138,Leonie Schofield,88132030-4,42,mujer,1014
51,Darsh Bloom,62785039-5,45,hombre,151
316,Zach Hinton,47738259-2,59,mujer,865
137,Kimberley Frost,85297873-2,55,hombre,502
146,Kasim Curry,52176953-k,35,hombre,320
111,Elina Lake,18812547-6,56,mujer,463
352,Hilda Brett,73352137-6,48,hombre,64
181,Brianna Leigh,64221026-2,44,mujer,266
169,Paulina Milner,63214394-k,55,hombre,609
132,Shivani Long,94422835-7,33,hombre,504
154,Miranda Crouch,75523496-6,50,mujer,596
176,Digby Glover,38204359-6,52,mujer,187
80,Khadija Wells,51693674-6,51,mujer,105
167,Aman Nixon,10544563-6,48,mujer,833
241,Danica Fletcher,59919311-1,59,hombre,652
63,Gerrard Quintana,59814228-9,57,mujer,351
0,Oliver Huff,18167947-6,47,mujer,181
355,Grady Esquivel,76413818-k,50,mujer,38
306,Kabir Melendez,49798131-k,34,hombre,978
87,Kaelan Greenwood,66258468-1,55,mujer,880
80,Khadija Wells,51693674-6,51,mujer,347
179,Keegan Stevens,19844189-9,53,mujer,89
212,Hilary Mair,97781705-6,28,mujer,881
251,Liam Ferreira,65884381-8,19,mujer,1093
10,Safia Potts,75270010-9,22,mujer,36
288,Ella-Louise Tillman,45024924-6,53,hombre,1039
362,Kerys Joseph,69402733-4,20,hombre,461
224,Zidan Mcguire,43129309-9,19,hombre,537
166,Awais Vasquez,32690774-k,18,hombre,745
196,Sylvia Melendez,59170372-2,47,hombre,536
360,Jae Ali,73075290-3,23,mujer,799
14,Rikki Hewitt,77209293-8,55,mujer,605
303,Tevin Rosas,53523140-0,39,mujer,830
188,Ashlea Alexander,35288330-1,20,mujer,734
125,Brayden Grey,62014673-0,52,hombre,270
48,Bevan Pineda,23526948-1,35,hombre,770
144,Tanisha Weston,97996738-1,32,hombre,1087
71,Lylah Mcguire,96392316-3,57,hombre,601
205,Adrianna Khan,59885368-1,37,mujer,877
181,Brianna Leigh,64221026-2,44,mujer,138
303,Tevin Rosas,53523140-0,39,mujer,174
313,Fredrick Esparza,81498697-7,51,hombre,625
40,Ewan Chadwick,87081187-k,40,hombre,1018
282,Shaunie Naylor,58307021-4,49,mujer,690
92,Eren Sargent,21666289-k,35,hombre,599
141,Tyriq Whitmore,38830395-6,58,hombre,844
198,Martha Hulme,60370162-3,27,mujer,802
245,Akeel Espinosa,55705480-4,32,hombre,287
21,Fleur Sheppard,36552322-3,50,mujer,782
42,Arjan Mcdermott,80291272-2,26,mujer,667
113,Xavier Stuart,52189199-8,42,hombre,44
41,Ewen Little,36081017-8,49,mujer,951
54,Lamar Bailey,97004364-0,49,hombre,970
164,Nabeel Barry,47329036-7,29,hombre,814
247,Emmanuella Prosser,49255740-4,45,hombre,1006
73,Antonina Guzman,47865441-3,57,hombre,8
140,Desiree Webber,58154631-9,33,hombre,16
182,Mysha Storey,50453382-4,48,mujer,945
333,Imani Decker,48060937-9,35,hombre,72
25,Aamina Bean,79725605-6,60,hombre,947
147,Elaina Dillon,59332921-6,56,hombre,86
327,Keane Hoover,10165029-4,54,hombre,682
277,Eren Eastwood,46025545-7,28,mujer,394
345,Taine Calvert,75039658-5,60,hombre,267
233,Persephone Manning,75346943-5,51,mujer,126
177,Don Sadler,33456182-8,42,mujer,634
133,Elowen Gillespie,35668656-k,28,hombre,989
162,Violet Mccray,86103635-9,34,hombre,87
202,Martyn Parra,97102977-3,38,mujer,855
97,Tess Marshall,87442136-7,41,mujer,1071
94,Giacomo Parsons,83603309-4,34,hombre,849
174,Lexi-Mai Haigh,54230570-3,44,mujer,224
71,Lylah Mcguire,96392316-3,57,hombre,903
336,Kianna Flowers,74630833-7,52,mujer,598
122,Amiya Craft,35661237-k,36,mujer,63
321,Nicole Holland,29858450-6,32,mujer,276
257,Ivie Stark,17723136-3,30,mujer,446
46,Laylah Grey,40350724-5,46,mujer,178
252,Laurie Kelley,47287276-1,48,mujer,486
83,Aysha Bone,83296811-0,37,mujer,408
133,Elowen Gillespie,35668656-k,28,hombre,936
12,Josh Small,72939187-5,57,mujer,489
265,Kiri Fitzpatrick,88806288-2,54,mujer,137
77,Aalia Higgs,31092780-5,46,hombre,894
359,Emme Marriott,91888069-0,58,hombre,843
26,Zaynah Kennedy,66183219-3,29,hombre,607
226,Tamara Flynn,91119340-k,35,mujer,851
264,Nicolle Marshall,51242629-8,35,hombre,469
136,Ruby-May Bowden,46680387-1,39,mujer,171
24,Logan Kramer,13572944-2,58,mujer,65
157,Phebe Paterson,66920820-0,45,hombre,710
304,Naseem Schmitt,49974632-6,40,mujer,764
207,Ilyas Randall,66646618-7,43,mujer,942
321,Nicole Holland,29858450-6,32,mujer,839
28,Alan Bonner,23000993-7,37,hombre,175
350,Saif Bostock,50109588-5,39,mujer,437
46,Laylah Grey,40350724-5,46,mujer,771
302,Tatiana Williams,23711490-6,49,mujer,131
89,Kodi Higgins,40403791-9,30,mujer,769
187,Traci Brookes,49604231-k,35,mujer,190
187,Traci Brookes,49604231-k,35,mujer,435
203,Franco Johnston,58155861-9,18,mujer,834
75,Jacob Beech,87861767-3,19,mujer,884
279,Princess Sharp,68428477-0,35,hombre,815
93,Kareena Salter,52703981-9,46,hombre,269
110,Iqra Thorne,27650119-4,51,mujer,630
107,Antoinette Schmidt,68505645-3,32,mujer,467
16,Kornelia Drummond,50062649-6,46,hombre,482
165,Elliot English,44867899-7,50,mujer,1056
23,Lianne Mccoy,77477421-1,21,mujer,498
24,Logan Kramer,13572944-2,58,mujer,1096
339,David Hubbard,25572424-k,30,mujer,919
134,Ivo Patton,95437335-5,24,hombre,813
84,Poppie Vang,23713134-7,54,hombre,623
202,Martyn Parra,97102977-3,38,mujer,265
288,Ella-Louise Tillman,45024924-6,53,hombre,628
207,Ilyas Randall,66646618-7,43,mujer,591
134,Ivo Patton,95437335-5,24,hombre,301
53,Tj Romero,63951440-4,58,mujer,998
289,Antonio Chan,63884576-8,39,mujer,490
299,Georgina Sargent,14761964-2,46,mujer,706
178,Sue Iles,75806614-2,28,mujer,870
210,Bayley Melia,38287473-0,34,hombre,383
49,Abubakar Gentry,86664654-6,41,hombre,1066
151,Clement Johns,87631642-0,42,mujer,729
132,Shivani Long,94422835-7,33,hombre,968
266,Terence Goff,57289805-9,47,mujer,691
336,Kianna Flowers,74630833-7,52,mujer,82
160,Ceara Santana,14920531-4,57,hombre,1021
201,Shawn Brock,35685353-9,41,mujer,578
219,Ibraheem Gamble,33016426-3,45,mujer,188
222,Caprice Mejia,20335324-3,54,hombre,915
319,Rickie Maguire,55956975-5,50,mujer,562
27,Melvin Perez,40675138-4,34,hombre,549
91,Elsie-May Chadwick,86646016-7,42,hombre,620
220,Meerab Short,56790702-3,50,mujer,348
360,Jae Ali,73075290-3,23,mujer,966
85,Brittney Le,70624789-0,42,hombre,186
348,Cruz Winter,38563658-k,40,mujer,26
239,Mohammad Frame,37500745-2,39,hombre,941
306,Kabir Melendez,49798131-k,34,hombre,1026
25,Aamina Bean,79725605-6,60,hombre,889
76,Jana Sutton,41361801-0,48,mujer,483
330,Margaux Battle,87544765-3,46,mujer,173
274,Manraj Pope,91223172-0,56,mujer,955
317,Lea Atkins,48425773-6,51,mujer,659
24,Logan Kramer,13572944-2,58,mujer,556
166,Awais Vasquez,32690774-k,18,hombre,1034
159,Akeel Peacock,82673938-k,55,mujer,629
86,Nusaybah Fitzgerald,79425659-4,44,mujer,42
100,Tyla Mcneil,29646441-4,50,mujer,5
41,Ewen Little,36081017-8,49,mujer,436
45,Benjamin Shaw,77796005-9,34,mujer,558
230,Bronwyn Orozco,61993529-2,43,mujer,263
105,Isabel Vance,69141385-3,49,hombre,143
33,Aubree Ridley,87813399-4,58,mujer,123
183,Cole Nairn,87649058-7,60,hombre,30
43,Toby Mcarthur,37200573-4,18,hombre,930
145,Sohail Huerta,96007294-4,23,mujer,364
233,Persephone Manning,75346943-5,51,mujer,520
364,Kenny Gaines,81492646-k,23,hombre,559
39,Charlton Bridges,76591179-6,22,hombre,600
